id,first_name,last_name,email,gender,ip_address
1,Margit,Torald,mtorald0@booking.com,Female,147.139.152.62
2,Adolf,Knowler,aknowler1@w3.org,Male,42.250.119.65
3,Charita,Plail,cplail2@newyorker.com,Female,176.241.63.177
4,Francine,Whate,fwhate3@epa.gov,Female,158.173.142.91
5,Ellyn,Ferrara,eferrara4@va.gov,Female,20.108.223.131
6,Brion,Bratch,bbratch5@youtu.be,Male,228.228.189.78
7,Jacques,Leathes,jleathes6@networkadvertising.org,Male,147.45.141.98
8,Milena,Mapledorum,mmapledorum7@sun.com,Female,103.144.24.189
9,Terrie,Smooth,tsmooth8@spotify.com,Female,81.38.138.209
10,Susy,Enion,senion9@goodreads.com,Female,162.64.134.84
11,Kare,Kingsnoad,kkingsnoada@mapquest.com,Female,102.164.83.60
12,Tybi,Cowins,tcowinsb@unc.edu,Female,70.143.136.42
13,Lezley,Finan,lfinanc@nature.com,Male,70.242.239.205
14,Vallie,Glinde,vglinded@livejournal.com,Agender,186.11.176.148
15,Zorine,Gunstone,zgunstonee@prlog.org,Female,99.85.195.189
16,Greer,Heninghem,gheninghemf@sfgate.com,Female,199.38.212.233
17,Minny,Santorini,msantorinig@microsoft.com,Female,55.53.98.31
18,Nancie,Heustice,nheusticeh@yolasite.com,Female,252.69.67.225
19,Renato,Dissman,rdissmani@tripod.com,Male,16.212.19.68
20,Humfrid,Mucillo,hmucilloj@example.com,Male,149.104.225.218
21,Tarah,Chater,tchaterk@fotki.com,Female,234.164.60.16
22,Gary,Pennell,gpennelll@usda.gov,Polygender,48.189.181.208
23,Aimee,Deakes,adeakesm@ed.gov,Female,239.65.167.237
24,Thalia,Popescu,tpopescun@addthis.com,Female,1.178.44.97
25,Cord,Matityahu,cmatityahuo@about.com,Male,200.82.206.186
26,Bruno,Riddle,briddlep@tinyurl.com,Male,49.157.231.116
27,Caspar,Cellone,ccelloneq@sfgate.com,Male,194.24.24.79
28,Sande,Monelli,smonellir@technorati.com,Female,157.237.117.170
29,Florencia,Nelson,fnelsons@dropbox.com,Genderfluid,32.182.162.181
30,Mathian,Langran,mlangrant@webeden.co.uk,Male,78.123.136.125
31,Abran,Ralling,arallingu@technorati.com,Bigender,235.244.189.22
32,Brock,Bransby,bbransbyv@bravesites.com,Male,181.85.27.31
33,Ram,Roddick,rroddickw@drupal.org,Male,171.174.202.89
34,Anna,Cubberley,acubberleyx@patch.com,Female,91.97.14.231
35,Tania,Adamini,tadaminiy@ucoz.ru,Female,59.61.147.228
36,Bess,Ninotti,bninottiz@histats.com,Female,58.174.233.5
37,Mano,Counihan,mcounihan10@loc.gov,Male,145.135.66.24
38,Kenyon,Tollow,ktollow11@elegantthemes.com,Male,146.238.140.152
39,Aviva,Quinnet,aquinnet12@ameblo.jp,Female,88.70.124.193
40,Davis,Tousy,dtousy13@baidu.com,Male,128.55.80.66
41,Myrtice,Paggitt,mpaggitt14@addthis.com,Female,129.126.157.119
42,Percy,Crawford,pcrawford15@ow.ly,Male,150.71.30.226
43,Laurene,Lodevick,llodevick16@who.int,Female,176.59.220.253
44,Kimmi,Petrov,kpetrov17@devhub.com,Female,124.65.251.253
45,Cassandre,Gaffer,cgaffer18@tripadvisor.com,Female,41.165.248.13
46,Hersch,Surr,hsurr19@last.fm,Male,46.183.153.22
47,Jasen,Dorsey,jdorsey1a@deliciousdays.com,Non-binary,192.7.181.44
48,Theodore,Godwyn,tgodwyn1b@geocities.jp,Male,22.196.173.2
49,Maribelle,Gerb,mgerb1c@techcrunch.com,Female,94.25.155.73
50,Virgina,Buttery,vbuttery1d@icio.us,Female,44.253.167.192
51,Carroll,Welbrock,cwelbrock1e@admin.ch,Female,174.205.53.21
52,Morris,Marsden,mmarsden1f@businessinsider.com,Male,254.228.197.237
53,Katya,Bour,kbour1g@unblog.fr,Female,164.1.165.12
54,Ferdinande,Dracksford,fdracksford1h@alexa.com,Female,105.245.233.111
55,Guthry,Balentyne,gbalentyne1i@icq.com,Male,118.121.232.55
56,Raffaello,Thies,rthies1j@opera.com,Male,150.171.92.172
57,Eugen,Dukesbury,edukesbury1k@nasa.gov,Male,232.87.100.153
58,Phelia,Ferrelli,pferrelli1l@ovh.net,Female,147.220.97.197
59,Tuckie,Moloney,tmoloney1m@yahoo.com,Male,117.165.139.173
60,Samuele,Flatt,sflatt1n@vistaprint.com,Male,26.14.68.188
61,Saleem,Moors,smoors1o@google.fr,Male,68.213.53.59
62,Dick,Mathieu,dmathieu1p@chronoengine.com,Male,239.116.215.223
63,Griffy,Thorburn,gthorburn1q@lycos.com,Male,25.155.103.100
64,Ignatius,Coltart,icoltart1r@admin.ch,Male,187.88.74.26
65,Kelsy,Mutton,kmutton1s@smh.com.au,Female,75.181.197.7
66,Glenn,Simonazzi,gsimonazzi1t@independent.co.uk,Male,164.35.155.102
67,Riannon,Hammond,rhammond1u@google.de,Female,173.21.4.37
68,Coop,Metrick,cmetrick1v@disqus.com,Male,121.38.210.73
69,Malorie,MacWhirter,mmacwhirter1w@nih.gov,Agender,42.91.101.42
70,Shauna,Cregg,scregg1x@usgs.gov,Female,100.18.227.175
71,Lorne,Borel,lborel1y@istockphoto.com,Female,180.112.247.38
72,Lila,Offener,loffener1z@buzzfeed.com,Female,137.199.211.244
73,Emogene,Lambillion,elambillion20@msu.edu,Female,153.186.177.103
74,Hilliard,Heinke,hheinke21@ezinearticles.com,Male,92.200.235.30
75,Giuditta,MacCumiskey,gmaccumiskey22@sun.com,Female,232.148.1.155
76,Sigismundo,Cirlos,scirlos23@narod.ru,Male,203.39.18.85
77,Shaylyn,Gascoine,sgascoine24@com.com,Female,242.73.108.78
78,Anastassia,Dalling,adalling25@yelp.com,Female,96.168.95.253
79,Katey,Pauley,kpauley26@boston.com,Female,214.18.75.34
80,Nicko,Canedo,ncanedo27@tinyurl.com,Genderqueer,124.74.165.130
81,Cloris,Camosso,ccamosso28@rediff.com,Female,23.91.76.183
82,Robyn,Juggins,rjuggins29@com.com,Female,230.128.111.53
83,Barty,Pelz,bpelz2a@purevolume.com,Male,150.191.144.28
84,Erminia,Coyish,ecoyish2b@marriott.com,Female,76.136.151.199
85,Mylo,Ogglebie,mogglebie2c@imageshack.us,Male,246.249.76.149
86,Sarina,Penberthy,spenberthy2d@opensource.org,Female,167.84.77.176
87,Nicolais,Hullin,nhullin2e@samsung.com,Male,227.55.163.207
88,Rozelle,Ghelardi,rghelardi2f@ezinearticles.com,Female,235.23.233.57
89,Nikos,Willmott,nwillmott2g@bluehost.com,Male,211.168.247.162
90,Dorthy,Seville,dseville2h@google.ca,Female,35.93.32.8
91,Miller,Rawood,mrawood2i@dyndns.org,Male,134.156.47.171
92,Shawna,Menichelli,smenichelli2j@surveymonkey.com,Female,210.183.150.60
93,Ezekiel,Sheerin,esheerin2k@typepad.com,Male,124.120.81.110
94,Bone,Murrey,bmurrey2l@is.gd,Male,12.35.98.4
95,Rozalin,MacNeely,rmacneely2m@buzzfeed.com,Female,119.66.85.232
96,Pierson,Provost,pprovost2n@forbes.com,Male,2.157.184.44
97,Lacie,Aguirrezabal,laguirrezabal2o@indiegogo.com,Bigender,57.224.57.95
98,Manuel,Derby,mderby2p@sfgate.com,Male,72.44.109.58
99,Sid,Durno,sdurno2q@angelfire.com,Male,203.234.112.216
100,Andreana,Minocchi,aminocchi2r@mysql.com,Female,203.43.174.70
101,Ange,MacQuaker,amacquaker2s@blog.com,Agender,59.128.18.50
102,Hank,Perring,hperring2t@naver.com,Agender,185.82.29.63
103,Jacklyn,Trytsman,jtrytsman2u@mapquest.com,Female,210.222.122.193
104,Ginger,MacAnulty,gmacanulty2v@baidu.com,Female,103.141.160.154
105,Kaine,Rucklesse,krucklesse2w@dailymotion.com,Male,230.191.255.93
106,Angelica,Littleover,alittleover2x@gizmodo.com,Female,93.59.29.104
107,Saunderson,Kibby,skibby2y@macromedia.com,Male,208.170.249.194
108,Carlee,Culham,cculham2z@unesco.org,Female,146.43.12.205
109,Rem,Chadband,rchadband30@xinhuanet.com,Male,229.116.105.132
110,Gene,Barnson,gbarnson31@networksolutions.com,Male,111.44.255.241
111,Robinetta,Brandolini,rbrandolini32@un.org,Genderqueer,100.64.1.30
112,Bamby,Bestman,bbestman33@senate.gov,Female,160.189.196.149
113,Grissel,Yakovl,gyakovl34@miibeian.gov.cn,Female,195.102.249.78
114,Myron,Haliburn,mhaliburn35@hud.gov,Male,179.137.61.89
115,Consuelo,Ciabatteri,cciabatteri36@washingtonpost.com,Female,232.75.169.133
116,Devland,Finlator,dfinlator37@digg.com,Male,252.127.214.143
117,Billy,Sheering,bsheering38@deliciousdays.com,Male,233.57.147.211
118,Channa,Orvis,corvis39@about.com,Female,211.115.0.139
119,Cassius,Tomaini,ctomaini3a@java.com,Male,217.197.25.57
120,Chrissy,Hugill,chugill3b@vk.com,Polygender,50.144.215.231
121,Harrietta,Bacup,hbacup3c@creativecommons.org,Female,198.82.45.81
122,Sydel,Phipp,sphipp3d@xing.com,Polygender,40.99.197.44
123,Drucy,Putnam,dputnam3e@china.com.cn,Female,238.146.99.93
124,Tabitha,Rubinfajn,trubinfajn3f@skyrock.com,Female,124.97.176.16
125,Annamaria,Stihl,astihl3g@woothemes.com,Female,93.77.201.76
126,Rolfe,Passfield,rpassfield3h@harvard.edu,Male,26.134.148.68
127,Christabel,Veldman,cveldman3i@myspace.com,Female,197.35.112.190
128,Babs,Predohl,bpredohl3j@canalblog.com,Female,223.114.36.112
129,Alric,Meiklam,ameiklam3k@example.com,Male,38.219.6.209
130,Toinette,Deetlof,tdeetlof3l@booking.com,Female,19.0.19.191
131,Craggy,Fibben,cfibben3m@deviantart.com,Male,16.172.43.61
132,Rosita,Dehm,rdehm3n@51.la,Female,193.128.9.34
133,Audre,Union,aunion3o@live.com,Female,188.116.121.144
134,Kenneth,Bridden,kbridden3p@webmd.com,Male,141.173.142.36
135,Deck,Shaughnessy,dshaughnessy3q@sun.com,Male,129.52.114.152
136,Loretta,Giddings,lgiddings3r@businessweek.com,Female,126.144.130.98
137,Bradley,Skynner,bskynner3s@cbsnews.com,Male,59.112.167.236
138,Melina,Tomasek,mtomasek3t@goo.gl,Female,116.143.182.155
139,Kristos,Binley,kbinley3u@un.org,Male,114.51.69.41
140,Myrlene,Mc Andrew,mmcandrew3v@ycombinator.com,Female,103.19.150.195
141,Rock,Addington,raddington3w@answers.com,Male,101.85.116.72
142,Adda,McBride,amcbride3x@unblog.fr,Female,203.24.64.172
143,Suellen,Jarvie,sjarvie3y@nymag.com,Female,101.2.98.221
144,Hyacinthe,Ruppeli,hruppeli3z@uiuc.edu,Female,254.247.249.83
145,Adamo,Shetliff,ashetliff40@dailymail.co.uk,Male,144.178.98.81
146,Katherine,Able,kable41@statcounter.com,Female,114.95.144.41
147,Carlota,Bewley,cbewley42@princeton.edu,Female,212.136.92.147
148,Lani,Goulbourne,lgoulbourne43@tumblr.com,Female,218.47.94.71
149,Duffie,McGeown,dmcgeown44@cargocollective.com,Male,147.91.120.49
150,Elton,Cluatt,ecluatt45@youtube.com,Male,212.89.28.79
151,Chariot,Thurlbeck,cthurlbeck46@google.ca,Male,149.31.36.100
152,Stephani,Leet,sleet47@va.gov,Female,253.2.97.184
153,Nevin,Dockrey,ndockrey48@dailymotion.com,Male,240.221.166.55
154,Chrisse,Tschirasche,ctschirasche49@alexa.com,Genderqueer,236.46.6.198
155,Haley,MacCarter,hmaccarter4a@pcworld.com,Male,75.197.236.201
156,Jodi,Luckwell,jluckwell4b@histats.com,Male,6.31.244.45
157,Jedd,Furphy,jfurphy4c@mapquest.com,Male,124.27.200.252
158,Austen,Burcombe,aburcombe4d@posterous.com,Male,137.207.128.250
159,Lane,Kingswoode,lkingswoode4e@sbwire.com,Female,237.40.38.1
160,Inness,Campana,icampana4f@examiner.com,Male,236.7.159.47
161,Sheppard,Sparks,ssparks4g@alexa.com,Male,126.185.130.236
162,Ruttger,Whitrod,rwhitrod4h@wp.com,Male,93.216.208.223
163,Lief,Aneley,laneley4i@wiley.com,Male,185.179.227.161
164,Benny,Melling,bmelling4j@yahoo.co.jp,Female,62.110.41.64
165,Max,Leuty,mleuty4k@ow.ly,Female,46.109.120.111
166,Orsola,Abbey,oabbey4l@jigsy.com,Female,83.20.194.206
167,Stacia,Gippes,sgippes4m@independent.co.uk,Female,4.244.20.192
168,Eden,Donizeau,edonizeau4n@marriott.com,Female,244.58.229.41
169,Viola,Stagge,vstagge4o@quantcast.com,Female,102.30.2.12
170,Tobiah,Bowton,tbowton4p@indiegogo.com,Male,171.233.154.186
171,Patsy,Robbe,probbe4q@phpbb.com,Male,224.186.189.34
172,Fair,Cossom,fcossom4r@dagondesign.com,Agender,58.209.112.138
173,Dennie,Greensides,dgreensides4s@accuweather.com,Male,53.88.39.17
174,Ettore,Hek,ehek4t@reuters.com,Polygender,12.150.59.136
175,Woodman,Kirdsch,wkirdsch4u@deliciousdays.com,Male,202.177.68.228
176,Evelina,Wandrey,ewandrey4v@java.com,Female,22.235.74.81
177,Helsa,Watkinson,hwatkinson4w@about.me,Female,191.139.159.232
178,Jacqueline,Kerby,jkerby4x@skyrock.com,Female,56.175.65.154
179,Elana,Garlicke,egarlicke4y@creativecommons.org,Female,124.155.127.67
180,Garland,Livard,glivard4z@indiatimes.com,Female,55.196.181.34
181,Ian,Balshen,ibalshen50@shutterfly.com,Genderfluid,166.240.134.49
182,Darryl,Oxterby,doxterby51@eepurl.com,Male,158.87.254.141
183,Aeriela,Hards,ahards52@europa.eu,Female,218.242.239.69
184,Caspar,Bramhill,cbramhill53@msn.com,Polygender,136.142.250.160
185,Tonye,Bythway,tbythway54@sitemeter.com,Female,235.108.212.206
186,Jody,Ianno,jianno55@wisc.edu,Male,34.111.171.9
187,Hamid,Iacobucci,hiacobucci56@t-online.de,Male,172.106.137.216
188,Astrix,O'Haire,aohaire57@cornell.edu,Female,106.227.7.184
189,Den,Beseke,dbeseke58@time.com,Male,251.134.7.171
190,Wolfgang,Robyns,wrobyns59@wisc.edu,Genderfluid,208.89.131.156
191,Ailis,Gilmartin,agilmartin5a@t-online.de,Female,225.73.125.52
192,Decca,Sysland,dsysland5b@mayoclinic.com,Male,219.163.141.108
193,Troy,Vannuccinii,tvannuccinii5c@icq.com,Male,116.247.13.154
194,Cassy,Janicki,cjanicki5d@rakuten.co.jp,Female,25.137.9.135
195,Hi,Sprade,hsprade5e@vkontakte.ru,Male,9.163.165.12
196,Keene,Glanister,kglanister5f@icq.com,Male,35.51.193.225
197,Abeu,Boydle,aboydle5g@latimes.com,Male,213.174.11.223
198,Paton,Binning,pbinning5h@yelp.com,Male,212.170.174.178
199,Harris,Abate,habate5i@parallels.com,Male,33.228.50.55
200,Francisca,Rydings,frydings5j@yelp.com,Female,125.72.19.13
201,Saundra,Jeakins,sjeakins5k@amazon.com,Polygender,40.226.76.86
202,Abeu,Dayborne,adayborne5l@state.tx.us,Agender,98.183.37.48
203,Anderea,Heppenspall,aheppenspall5m@mac.com,Female,86.255.76.124
204,Mignonne,Lanphier,mlanphier5n@mapquest.com,Genderfluid,26.217.29.230
205,Teddie,De la Barre,tdelabarre5o@wisc.edu,Male,113.171.218.241
206,Kathi,Videan,kvidean5p@seattletimes.com,Female,108.254.48.60
207,Baron,Menel,bmenel5q@cnet.com,Male,125.108.227.3
208,Rutger,Bulled,rbulled5r@cbc.ca,Male,54.124.183.158
209,Nolie,Dawidsohn,ndawidsohn5s@psu.edu,Female,206.83.105.22
210,Jeramie,Mathieu,jmathieu5t@google.ca,Male,29.59.81.240
211,Patrizio,Danieli,pdanieli5u@canalblog.com,Male,217.167.146.175
212,Clary,Cholerton,ccholerton5v@umich.edu,Genderfluid,216.43.159.132
213,Rip,Pfleger,rpfleger5w@census.gov,Male,156.255.18.123
214,Anne-marie,Treagus,atreagus5x@networksolutions.com,Female,31.222.140.166
215,Stillmann,McCawley,smccawley5y@psu.edu,Male,77.130.227.196
216,Vanya,Fabbro,vfabbro5z@phoca.cz,Male,18.26.32.179
217,Linoel,Jeffry,ljeffry60@wisc.edu,Male,133.217.238.67
218,Ame,Haestier,ahaestier61@arstechnica.com,Female,117.76.62.17
219,Laraine,Prendeguest,lprendeguest62@studiopress.com,Female,197.50.150.4
220,Guthry,Schanke,gschanke63@ucoz.com,Male,4.246.50.206
221,Ikey,Colquete,icolquete64@examiner.com,Male,239.216.135.2
222,Ailyn,Hazell,ahazell65@mtv.com,Genderqueer,148.123.129.134
223,Vince,Petrashov,vpetrashov66@state.gov,Male,112.60.50.192
224,Courtnay,Blodg,cblodg67@is.gd,Female,183.106.178.134
225,Rosamond,Sambell,rsambell68@photobucket.com,Female,220.64.38.171
226,Baryram,Ivashnikov,bivashnikov69@cornell.edu,Male,215.47.183.86
227,Brenn,Berthel,bberthel6a@va.gov,Female,100.84.123.135
228,Aksel,Teager,ateager6b@oaic.gov.au,Genderqueer,88.204.137.90
229,Diane,Eastment,deastment6c@eepurl.com,Female,98.21.230.142
230,Ashley,Cowle,acowle6d@washingtonpost.com,Genderfluid,136.51.104.133
231,Marleen,Sillars,msillars6e@meetup.com,Female,150.62.134.90
232,Eleanor,Andreix,eandreix6f@bbb.org,Female,245.153.165.242
233,Vally,Treffry,vtreffry6g@stanford.edu,Female,100.123.188.161
234,Anders,Cossar,acossar6h@umn.edu,Male,154.93.193.152
235,Idelle,Finding,ifinding6i@webmd.com,Female,142.228.12.86
236,Charleen,Ilchenko,cilchenko6j@diigo.com,Female,50.179.182.210
237,Sherlocke,Reedick,sreedick6k@stumbleupon.com,Male,123.240.18.240
238,Rollin,Toomey,rtoomey6l@hibu.com,Male,121.37.230.161
239,Jarrad,Fragino,jfragino6m@homestead.com,Male,88.203.174.180
240,Doug,Whitwell,dwhitwell6n@pinterest.com,Male,249.128.233.248
241,Valli,Andric,vandric6o@sun.com,Female,160.218.161.167
242,Dorine,Gascar,dgascar6p@comcast.net,Female,52.249.235.204
243,Ara,Asif,aasif6q@ed.gov,Male,184.34.15.9
244,Carmon,Jolley,cjolley6r@slate.com,Female,77.104.175.114
245,Torre,Brennen,tbrennen6s@github.com,Male,114.56.106.225
246,Rockey,Siflet,rsiflet6t@oracle.com,Male,42.248.146.176
247,Ingelbert,Denisyev,idenisyev6u@webs.com,Male,103.59.253.94
248,Edith,Sunter,esunter6v@psu.edu,Female,64.175.155.18
249,Zenia,Beadell,zbeadell6w@chronoengine.com,Female,15.84.43.139
250,Shepperd,MacArthur,smacarthur6x@123-reg.co.uk,Genderqueer,42.19.127.212
251,Yasmeen,Frow,yfrow6y@usa.gov,Genderfluid,195.139.236.76
252,Abram,Belloch,abelloch6z@privacy.gov.au,Male,31.178.171.4
253,Fowler,Tremellan,ftremellan70@canalblog.com,Male,216.209.18.30
254,Angelica,Fouch,afouch71@fema.gov,Female,26.134.148.37
255,Francis,Screase,fscrease72@ft.com,Male,194.247.98.180
256,Dodie,Toseland,dtoseland73@salon.com,Female,220.30.187.252
257,Danni,Winson,dwinson74@nasa.gov,Female,131.251.200.82
258,Rosie,Sloy,rsloy75@google.it,Female,79.172.79.25
259,Cecilio,Wansbury,cwansbury76@wp.com,Male,143.180.57.234
260,Della,Giacopello,dgiacopello77@walmart.com,Female,20.168.120.156
261,Eberto,Duffree,eduffree78@mediafire.com,Male,97.138.61.161
262,Emanuele,Forbear,eforbear79@photobucket.com,Male,199.74.28.11
263,Phoebe,Sircomb,psircomb7a@typepad.com,Female,6.193.113.60
264,Haroun,Lago,hlago7b@google.cn,Male,201.228.243.68
265,Fayina,Corsan,fcorsan7c@washington.edu,Female,185.103.209.128
266,Hillie,Wheatland,hwheatland7d@indiatimes.com,Male,57.1.88.166
267,Ward,Kemitt,wkemitt7e@creativecommons.org,Male,253.150.36.254
268,Winnah,Tabbernor,wtabbernor7f@infoseek.co.jp,Female,101.12.65.243
269,Wallie,Neicho,wneicho7g@vimeo.com,Female,55.62.188.56
270,Jan,Biggs,jbiggs7h@census.gov,Male,177.148.119.171
271,Christabella,Iannazzi,ciannazzi7i@mlb.com,Female,103.225.240.134
272,Wenda,Kurten,wkurten7j@meetup.com,Female,250.171.224.71
273,Benjamin,Pittoli,bpittoli7k@google.com.au,Male,252.111.86.221
274,Chris,Danzig,cdanzig7l@arizona.edu,Female,94.113.229.193
275,Shurlock,Oldridge,soldridge7m@dailymail.co.uk,Male,210.74.33.106
276,Reggie,Steane,rsteane7n@vistaprint.com,Male,101.32.189.178
277,Nil,Carles,ncarles7o@sbwire.com,Male,180.234.50.118
278,Carrol,Bousquet,cbousquet7p@elpais.com,Male,226.62.136.197
279,Correna,Wicken,cwicken7q@boston.com,Female,217.6.51.23
280,Melesa,McKean,mmckean7r@japanpost.jp,Female,76.51.193.166
281,Paige,Darmody,pdarmody7s@slate.com,Male,46.27.169.47
282,Culley,Kurtis,ckurtis7t@tmall.com,Male,20.13.49.244
283,Frasco,Cornner,fcornner7u@census.gov,Male,138.149.31.242
284,Barbara-anne,Cunney,bcunney7v@microsoft.com,Female,231.72.104.242
285,Hank,Tulley,htulley7w@indiatimes.com,Male,191.32.74.84
286,Mathilde,Esslement,messlement7x@admin.ch,Genderqueer,251.133.129.129
287,Penelope,Testin,ptestin7y@home.pl,Female,84.79.190.252
288,Anitra,Najara,anajara7z@go.com,Female,230.203.120.224
289,Ricky,MacGuffog,rmacguffog80@paypal.com,Female,69.114.193.76
290,Devin,McDyer,dmcdyer81@dyndns.org,Male,152.191.202.9
291,Cissy,Lenormand,clenormand82@tumblr.com,Female,228.239.29.25
292,Annamaria,Nance,anance83@mapquest.com,Female,5.101.19.67
293,Karlan,Brands,kbrands84@mozilla.com,Non-binary,206.57.182.41
294,Denise,Duckett,dduckett85@webnode.com,Female,13.16.221.161
295,Packston,Enriquez,penriquez86@xing.com,Male,173.159.25.119
296,Lorie,Ashborn,lashborn87@furl.net,Female,193.160.67.106
297,Marlie,McGiffie,mmcgiffie88@miibeian.gov.cn,Polygender,28.226.238.156
298,Anatollo,Batteson,abatteson89@vkontakte.ru,Male,9.48.165.234
299,Willey,Edgett,wedgett8a@nba.com,Male,221.179.141.3
300,Bren,Guerrin,bguerrin8b@vinaora.com,Polygender,119.220.123.164
301,Alexandr,Sunnucks,asunnucks8c@list-manage.com,Male,239.48.116.175
302,Merline,Creigan,mcreigan8d@cdbaby.com,Female,230.103.136.242
303,Jaye,Covet,jcovet8e@tripod.com,Male,46.150.151.225
304,Lee,Laidlow,llaidlow8f@berkeley.edu,Male,185.85.15.246
305,Kippie,Godfray,kgodfray8g@dailymotion.com,Male,138.157.182.31
306,Dori,Legister,dlegister8h@livejournal.com,Female,82.200.204.203
307,Charis,Mercey,cmercey8i@tumblr.com,Female,114.158.173.33
308,Adorne,Merigeau,amerigeau8j@opera.com,Female,172.7.87.12
309,Zaccaria,Roggers,zroggers8k@arizona.edu,Male,218.79.220.61
310,Coriss,Pentecost,cpentecost8l@etsy.com,Female,70.219.150.162
311,Erik,Baudinot,ebaudinot8m@tumblr.com,Male,203.147.29.5
312,Dav,McMenamin,dmcmenamin8n@ucla.edu,Male,240.118.42.150
313,Tod,Abrahim,tabrahim8o@cyberchimps.com,Male,78.155.167.233
314,Walton,Portriss,wportriss8p@parallels.com,Male,177.193.222.40
315,Hall,Healey,hhealey8q@aboutads.info,Polygender,24.21.99.0
316,Alix,Gwilliam,agwilliam8r@rakuten.co.jp,Female,63.82.195.92
317,Osbourn,Billion,obillion8s@drupal.org,Male,132.55.101.183
318,Sly,Merigeau,smerigeau8t@ehow.com,Non-binary,97.66.108.7
319,Reube,Fowell,rfowell8u@ucsd.edu,Male,244.96.159.127
320,Odell,Colwill,ocolwill8v@sogou.com,Male,113.201.94.189
321,Rubia,Thoumas,rthoumas8w@moonfruit.com,Female,163.24.129.155
322,Lorens,Coppin,lcoppin8x@bandcamp.com,Male,33.120.2.74
323,Verine,Roumier,vroumier8y@vkontakte.ru,Female,10.255.254.232
324,Cornelius,Gasson,cgasson8z@cisco.com,Male,154.71.79.140
325,Patience,Fardy,pfardy90@unesco.org,Female,222.229.202.189
326,Baxter,Clear,bclear91@github.com,Male,147.71.42.209
327,Angelita,Timny,atimny92@weibo.com,Female,168.114.175.193
328,Hope,Biford,hbiford93@t-online.de,Female,84.152.68.131
329,Anna,Cabel,acabel94@state.gov,Female,159.158.73.4
330,Helenelizabeth,Kienl,hkienl95@google.fr,Female,243.104.78.161
331,Meredithe,Hawk,mhawk96@businessweek.com,Female,215.192.30.24
332,Pepita,Sadd,psadd97@topsy.com,Female,13.12.89.104
333,Cindy,Eversley,ceversley98@unesco.org,Female,79.156.33.139
334,Charleen,Espley,cespley99@freewebs.com,Female,1.175.187.160
335,Germana,Cannam,gcannam9a@yahoo.com,Female,13.73.123.212
336,Jemima,Newtown,jnewtown9b@ucoz.ru,Female,119.57.234.176
337,Dominga,Claremont,dclaremont9c@ca.gov,Female,70.40.92.170
338,Van,Maciocia,vmaciocia9d@prnewswire.com,Male,219.34.67.100
339,Lamar,Lestrange,llestrange9e@ustream.tv,Male,160.246.217.207
340,Starlene,Greatbatch,sgreatbatch9f@g.co,Female,118.124.61.54
341,Henrik,Annand,hannand9g@sciencedirect.com,Genderfluid,112.157.97.188
342,Umeko,Caudelier,ucaudelier9h@dailymotion.com,Female,41.160.237.124
343,Cosmo,Waterfield,cwaterfield9i@parallels.com,Male,200.59.38.210
344,Aldrich,Paolinelli,apaolinelli9j@com.com,Male,14.217.242.239
345,Uri,Joyson,ujoyson9k@prnewswire.com,Male,167.109.156.12
346,Michele,Struss,mstruss9l@wp.com,Genderqueer,198.188.69.90
347,Chiarra,Westrope,cwestrope9m@nbcnews.com,Female,221.223.204.30
348,Sibley,Cucuzza,scucuzza9n@wordpress.com,Bigender,23.199.179.3
349,Chet,Hamor,chamor9o@shinystat.com,Male,53.211.115.182
350,Rayner,Brazener,rbrazener9p@aol.com,Male,48.230.89.35
351,Jorgan,Izkovitch,jizkovitch9q@artisteer.com,Male,38.165.65.215
352,Halimeda,Urridge,hurridge9r@people.com.cn,Female,141.104.14.120
353,Jemima,Lancett,jlancett9s@de.vu,Female,177.148.173.49
354,Claretta,Gotcliffe,cgotcliffe9t@meetup.com,Female,141.200.227.80
355,Jordain,Matysik,jmatysik9u@last.fm,Agender,6.208.99.154
356,Dorita,Padberry,dpadberry9v@t.co,Female,127.66.249.114
357,Bone,Kilmister,bkilmister9w@vimeo.com,Male,73.18.24.156
358,Nolan,Friday,nfriday9x@ft.com,Agender,118.165.88.197
359,Erminie,Tolomei,etolomei9y@is.gd,Female,208.249.60.194
360,Lew,Kenwell,lkenwell9z@devhub.com,Bigender,102.60.225.192
361,Stillmann,MacEnelly,smacenellya0@who.int,Male,88.143.92.83
362,Loralee,Gumn,lgumna1@google.ru,Female,8.199.221.21
363,Nealson,Deegan,ndeegana2@vkontakte.ru,Agender,39.107.196.49
364,Eberhard,Devinn,edevinna3@sphinn.com,Male,170.242.231.237
365,Rodrique,Halesworth,rhaleswortha4@bloglines.com,Male,128.88.23.48
366,Murdock,Hulance,mhulancea5@toplist.cz,Male,161.103.243.248
367,Yoko,Mortimer,ymortimera6@hubpages.com,Female,229.26.180.255
368,Dyane,Lidgard,dlidgarda7@shareasale.com,Female,24.176.113.72
369,Ingmar,Arney,iarneya8@mapy.cz,Male,174.234.181.230
370,Francklyn,Laven,flavena9@state.gov,Male,34.97.219.176
371,Garner,Heskins,gheskinsaa@reddit.com,Male,228.83.208.172
372,Emmy,Eden,eedenab@livejournal.com,Male,43.73.95.90
373,Neysa,Imms,nimmsac@histats.com,Female,90.38.242.194
374,Donal,Kilbey,dkilbeyad@squarespace.com,Male,197.14.7.233
375,Brandais,Blaasch,bblaaschae@printfriendly.com,Female,89.237.220.255
376,Angelle,Prestige,aprestigeaf@businessweek.com,Female,150.31.211.50
377,Malvin,Wennington,mwenningtonag@technorati.com,Male,71.38.223.130
378,Derek,Prudence,dprudenceah@reuters.com,Male,248.12.22.230
379,Malissa,Gouck,mgouckai@senate.gov,Female,73.202.105.207
380,Quincey,Stut,qstutaj@clickbank.net,Male,219.0.174.232
381,Jerrome,Leele,jleeleak@oaic.gov.au,Male,225.220.184.239
382,Dewie,Parratt,dparrattal@kickstarter.com,Male,164.113.187.215
383,Carlee,MacGinley,cmacginleyam@hugedomains.com,Female,159.176.241.103
384,Mirelle,Shakelady,mshakeladyan@csmonitor.com,Female,13.220.178.102
385,Cully,Quemby,cquembyao@mozilla.org,Male,46.177.1.187
386,Evangelina,Litster,elitsterap@youtube.com,Female,137.163.216.183
387,Cord,Haylands,chaylandsaq@ovh.net,Male,132.71.38.145
388,Theodore,Josilowski,tjosilowskiar@nba.com,Male,162.232.191.152
389,Gina,Di Biasi,gdibiasias@aol.com,Genderqueer,40.1.218.255
390,Lorianna,Hearley,lhearleyat@netvibes.com,Female,63.137.116.49
391,Miller,Mizzen,mmizzenau@ameblo.jp,Agender,137.211.19.88
392,Tobe,Vale,tvaleav@kickstarter.com,Polygender,92.95.89.59
393,Sallie,Rawcliffe,srawcliffeaw@jugem.jp,Female,59.46.73.96
394,Alli,Domenichini,adomenichiniax@marketwatch.com,Female,121.43.95.150
395,Boote,Olorenshaw,bolorenshaway@posterous.com,Non-binary,151.241.98.168
396,Giovanni,MacDermid,gmacdermidaz@nyu.edu,Male,187.67.88.89
397,Nat,Pray,nprayb0@taobao.com,Female,233.244.122.86
398,Chad,Sturge,csturgeb1@theguardian.com,Male,52.25.3.170
399,Hedy,Prozescky,hprozesckyb2@imageshack.us,Bigender,153.185.210.229
400,Christoper,Fisk,cfiskb3@phpbb.com,Male,221.73.39.3
401,Kanya,Tynnan,ktynnanb4@issuu.com,Female,78.209.222.88
402,Hilly,Larne,hlarneb5@xing.com,Male,2.220.48.177
403,Maxim,Messingham,mmessinghamb6@mit.edu,Male,142.5.63.3
404,Paola,Baxendale,pbaxendaleb7@admin.ch,Female,114.247.240.18
405,Giovanna,McNair,gmcnairb8@shutterfly.com,Female,163.177.222.189
406,Ettore,Kowal,ekowalb9@mlb.com,Male,85.194.17.174
407,Madelle,Hessing,mhessingba@usgs.gov,Female,4.238.68.243
408,Ely,Bowhey,ebowheybb@clickbank.net,Male,7.141.104.58
409,Renato,Strewthers,rstrewthersbc@desdev.cn,Male,204.61.78.126
410,Mindy,Leckenby,mleckenbybd@fc2.com,Female,122.111.179.61
411,Deedee,Furber,dfurberbe@ning.com,Female,221.68.237.135
412,Flory,Vlasyev,fvlasyevbf@nba.com,Male,74.200.53.215
413,Kettie,Connochie,kconnochiebg@amazon.de,Female,8.151.18.192
414,Jeanie,Othen,jothenbh@army.mil,Female,0.188.192.215
415,Noemi,Hulme,nhulmebi@merriam-webster.com,Female,121.187.58.168
416,Morissa,Derrington,mderringtonbj@vk.com,Female,11.214.39.92
417,Penny,Shadwick,pshadwickbk@dedecms.com,Polygender,127.88.195.80
418,Kizzie,Milstead,kmilsteadbl@howstuffworks.com,Female,236.109.92.132
419,Indira,Treherne,itrehernebm@dell.com,Female,88.100.92.226
420,Sherye,Eppson,seppsonbn@nydailynews.com,Genderfluid,190.52.142.196
421,Bail,Andrioli,bandriolibo@feedburner.com,Male,32.222.223.22
422,Cathleen,Marusyak,cmarusyakbp@pinterest.com,Female,37.71.109.174
423,Libbey,Sulman,lsulmanbq@mac.com,Female,211.245.174.148
424,Carmel,Woller,cwollerbr@dion.ne.jp,Female,166.11.10.246
425,Raquela,Reeson,rreesonbs@deliciousdays.com,Female,172.18.114.151
426,Roselia,Kinchley,rkinchleybt@ask.com,Female,192.35.188.231
427,Kirk,List,klistbu@census.gov,Male,193.36.161.179
428,Fayth,Oliver,foliverbv@pen.io,Female,149.64.154.1
429,Walton,Jiruch,wjiruchbw@marketwatch.com,Male,175.107.170.171
430,Brear,Boddice,bboddicebx@europa.eu,Female,252.247.44.127
431,Geoffrey,Mucci,gmucciby@acquirethisname.com,Male,92.152.134.48
432,Sydney,Camidge,scamidgebz@yolasite.com,Female,172.105.63.120
433,Early,Gentiry,egentiryc0@slashdot.org,Male,103.93.255.12
434,Nichol,Gillions,ngillionsc1@smh.com.au,Female,104.230.71.87
435,Sheffield,Gauntley,sgauntleyc2@columbia.edu,Male,188.193.113.181
436,Kiele,Foister,kfoisterc3@independent.co.uk,Agender,105.69.150.97
437,Hersh,Bestwick,hbestwickc4@fastcompany.com,Male,47.114.20.19
438,Ferd,Tabourel,ftabourelc5@artisteer.com,Male,207.198.40.167
439,Berty,Duggan,bdugganc6@a8.net,Male,154.167.176.165
440,Mirelle,Coom,mcoomc7@hexun.com,Female,166.202.78.88
441,Ennis,Girardoni,egirardonic8@i2i.jp,Male,118.245.196.210
442,Papageno,Gilhoolie,pgilhooliec9@ucsd.edu,Male,2.37.236.167
443,Marie-jeanne,Hyndley,mhyndleyca@wisc.edu,Female,139.37.137.197
444,Ferrell,Heigold,fheigoldcb@networkadvertising.org,Male,190.185.111.97
445,Sean,Rebanks,srebankscc@thetimes.co.uk,Female,148.140.183.52
446,Emanuel,Voaden,evoadencd@earthlink.net,Male,243.123.110.99
447,Westbrook,Kerr,wkerrce@wikispaces.com,Male,146.14.163.145
448,Torrance,Blackboro,tblackborocf@reuters.com,Male,2.240.42.150
449,Nada,Briddle,nbriddlecg@symantec.com,Agender,218.229.94.82
450,Tristam,Shuard,tshuardch@goodreads.com,Male,112.149.41.190
451,Darsie,Heckney,dheckneyci@ezinearticles.com,Female,94.252.246.224
452,Dee,Bartrum,dbartrumcj@nymag.com,Female,249.230.4.52
453,Hilary,Yeskov,hyeskovck@ifeng.com,Agender,215.170.40.88
454,Arnoldo,Torresi,atorresicl@symantec.com,Male,16.124.60.139
455,Garald,Gyngell,ggyngellcm@cornell.edu,Male,194.122.203.12
456,Renault,Durdle,rdurdlecn@youtu.be,Male,80.78.80.132
457,Alidia,Cocke,acockeco@4shared.com,Female,99.190.150.147
458,Skyler,Lealle,sleallecp@telegraph.co.uk,Male,135.216.92.114
459,Hercule,Huyhton,hhuyhtoncq@amazon.com,Male,105.43.227.207
460,Dulci,Rasor,drasorcr@simplemachines.org,Female,211.170.208.253
461,Merlina,Hearsey,mhearseycs@facebook.com,Female,83.60.207.107
462,Eolande,Trace,etracect@va.gov,Female,141.48.11.92
463,Lucio,Strete,lstretecu@fc2.com,Male,179.61.61.16
464,Karlik,Leith-Harvey,kleithharveycv@prnewswire.com,Male,40.58.0.73
465,Bonita,Baldi,bbaldicw@zdnet.com,Female,205.150.93.181
466,Tricia,Sibbert,tsibbertcx@com.com,Female,82.59.127.176
467,Allison,Tarbard,atarbardcy@ask.com,Non-binary,215.46.103.199
468,Pauli,Brandoni,pbrandonicz@dyndns.org,Female,226.133.241.173
469,Iggie,Boatright,iboatrightd0@nih.gov,Male,125.49.27.206
470,Ase,Langthorn,alangthornd1@bing.com,Male,17.140.158.242
471,Margi,Abrahamsson,mabrahamssond2@techcrunch.com,Female,230.246.245.37
472,Rhody,Fillery,rfilleryd3@independent.co.uk,Female,177.234.160.172
473,Laureen,Munn,lmunnd4@nps.gov,Female,227.136.81.200
474,Maxy,Olivari,molivarid5@prweb.com,Female,237.193.188.239
475,Andreas,Whacket,awhacketd6@ucoz.com,Male,95.177.75.82
476,Carver,Rash,crashd7@yelp.com,Male,57.165.41.100
477,Tabbitha,Blazdell,tblazdelld8@apple.com,Female,250.18.213.241
478,Slade,Enderby,senderbyd9@wisc.edu,Male,97.219.165.157
479,Dian,Ethelston,dethelstonda@pcworld.com,Female,251.151.57.213
480,Gladi,Bissill,gbissilldb@columbia.edu,Female,145.38.175.0
481,Samson,Bellocht,sbellochtdc@shutterfly.com,Male,117.31.234.21
482,Stu,Gooderham,sgooderhamdd@skyrock.com,Male,188.247.213.63
483,Tymon,Summerton,tsummertonde@webmd.com,Male,128.148.124.236
484,Leila,Moutray Read,lmoutrayreaddf@4shared.com,Female,163.173.57.55
485,Maribeth,Aiston,maistondg@networksolutions.com,Female,62.14.80.169
486,Tommie,Hagger,thaggerdh@miibeian.gov.cn,Female,16.9.169.15
487,Elspeth,Stirrup,estirrupdi@google.it,Female,6.247.186.138
488,Claiborn,Spinley,cspinleydj@ted.com,Male,248.19.230.41
489,Mallissa,Brandli,mbrandlidk@springer.com,Female,146.137.13.232
490,Silva,Wikey,swikeydl@ustream.tv,Female,33.155.93.167
491,Willyt,Hayball,whayballdm@amazon.co.jp,Female,190.98.159.169
492,Elana,Gabel,egabeldn@istockphoto.com,Female,28.133.117.152
493,Gib,Antognoni,gantognonido@tripadvisor.com,Male,98.246.178.35
494,Chlo,Pockey,cpockeydp@icq.com,Female,58.194.18.13
495,Jenifer,Newsome,jnewsomedq@examiner.com,Female,78.27.17.25
496,Malinda,Franz,mfranzdr@eepurl.com,Female,54.159.30.180
497,Christian,Vockings,cvockingsds@msu.edu,Non-binary,99.191.248.16
498,Umberto,O'Moylane,uomoylanedt@ezinearticles.com,Male,172.31.68.169
499,Somerset,Antonijevic,santonijevicdu@homestead.com,Male,214.190.17.249
500,Franz,Pickersgill,fpickersgilldv@cpanel.net,Male,221.199.112.210
501,Lynda,Coldicott,lcoldicottdw@taobao.com,Female,219.111.252.147
502,Jacquetta,Quinby,jquinbydx@bbc.co.uk,Female,215.93.164.215
503,Nikita,Azam,nazamdy@gnu.org,Male,241.120.62.144
504,Saree,Passman,spassmandz@hp.com,Female,65.128.23.100
505,Sullivan,Tanner,stannere0@marriott.com,Male,139.108.250.209
506,Desdemona,Haynesford,dhaynesforde1@bandcamp.com,Female,59.5.42.146
507,Erv,Ostler,eostlere2@prlog.org,Male,146.85.225.177
508,Anders,Lilian,aliliane3@java.com,Male,214.43.19.31
509,Bentlee,Wolfendale,bwolfendalee4@aboutads.info,Male,196.81.42.246
510,Shalna,Matityahu,smatityahue5@tamu.edu,Female,214.210.9.166
511,Ysabel,Ricciardelli,yricciardellie6@moonfruit.com,Female,98.175.107.237
512,Cristian,Roycroft,croycrofte7@mit.edu,Bigender,136.152.43.65
513,Brennan,Rooms,broomse8@about.me,Male,104.5.245.151
514,Noll,Grunbaum,ngrunbaume9@tripadvisor.com,Polygender,195.30.211.19
515,Mabelle,Jervois,mjervoisea@si.edu,Female,105.46.254.190
516,Jeanie,Dentith,jdentitheb@opensource.org,Female,236.65.71.23
517,Leonard,Pappin,lpappinec@tinyurl.com,Male,120.217.94.136
518,Holden,Hancock,hhancocked@fda.gov,Male,118.3.73.68
519,Findlay,Croser,fcroseree@google.co.jp,Male,37.250.102.155
520,Hendrick,Kaes,hkaesef@rediff.com,Male,115.229.126.97
521,Randie,Cosgreave,rcosgreaveeg@auda.org.au,Male,68.12.31.140
522,Gilbert,Sebring,gsebringeh@ucoz.ru,Male,180.141.223.93
523,Avrit,Klaas,aklaasei@sourceforge.net,Female,74.89.33.35
524,Olly,Lewcock,olewcockej@msn.com,Female,190.228.128.153
525,Prudy,Holhouse,pholhouseek@addtoany.com,Female,98.175.87.18
526,Gilburt,Messier,gmessierel@harvard.edu,Male,12.116.71.106
527,Steward,Oakenfield,soakenfieldem@linkedin.com,Male,146.109.131.82
528,Casandra,Dilworth,cdilworthen@ted.com,Female,191.162.218.217
529,Sebastian,Caddie,scaddieeo@weebly.com,Male,37.135.95.29
530,Randi,Morais,rmoraisep@phoca.cz,Male,220.2.109.25
531,Nannette,Larrie,nlarrieeq@bandcamp.com,Bigender,166.30.52.214
532,Salmon,Cobby,scobbyer@rakuten.co.jp,Male,101.85.121.207
533,Rhona,Beardmore,rbeardmorees@patch.com,Female,99.181.76.141
534,Ingeborg,Mc Elory,imceloryet@plala.or.jp,Female,94.71.81.71
535,Chadwick,Pinnell,cpinnelleu@pinterest.com,Male,255.128.148.81
536,Wye,Hazard,whazardev@ebay.co.uk,Male,192.62.92.216
537,Jacintha,Buggs,jbuggsew@hatena.ne.jp,Female,37.86.241.1
538,Pablo,Grigaut,pgrigautex@unesco.org,Male,99.27.69.114
539,Herby,Penddreth,hpenddrethey@amazon.co.uk,Male,244.185.210.27
540,Jami,Winterbottom,jwinterbottomez@tripod.com,Female,83.73.130.180
541,Ode,Castagneri,ocastagnerif0@wikipedia.org,Male,162.149.53.192
542,Kristal,Muffen,kmuffenf1@un.org,Female,127.45.119.147
543,Morna,Curmi,mcurmif2@merriam-webster.com,Female,18.243.141.203
544,Domeniga,Glavias,dglaviasf3@ustream.tv,Female,20.243.104.227
545,Nicolea,Peltzer,npeltzerf4@scientificamerican.com,Female,3.164.155.26
546,Tedmund,Tipperton,ttippertonf5@flickr.com,Male,5.207.225.126
547,Sheila-kathryn,Stoyles,sstoylesf6@cnet.com,Female,196.232.205.166
548,Wilt,Ghest,wghestf7@edublogs.org,Genderqueer,63.126.29.222
549,Guenna,Cosin,gcosinf8@smh.com.au,Female,209.78.150.143
550,Jemimah,Bolter,jbolterf9@t.co,Female,246.150.32.103
551,Kinna,Alner,kalnerfa@accuweather.com,Female,253.6.37.112
552,Hogan,O'Doogan,hodooganfb@amazon.de,Genderfluid,128.75.16.110
553,Yvonne,Viollet,yviolletfc@springer.com,Female,151.148.248.34
554,Perrine,Abbotson,pabbotsonfd@google.pl,Female,8.187.107.12
555,Donall,Lippiello,dlippiellofe@miitbeian.gov.cn,Polygender,169.31.82.197
556,Velvet,Andrich,vandrichff@privacy.gov.au,Female,63.247.7.63
557,Paddy,Christophe,pchristophefg@weather.com,Male,58.167.246.67
558,Tess,Mouland,tmoulandfh@bbc.co.uk,Female,130.213.56.83
559,Loella,Pleven,lplevenfi@issuu.com,Female,201.30.216.119
560,Nickolai,Stilldale,nstilldalefj@ovh.net,Male,127.13.63.16
561,Solly,Burborough,sburboroughfk@java.com,Male,177.240.180.234
562,Dallon,Wandrey,dwandreyfl@surveymonkey.com,Male,191.185.153.37
563,Willey,Kubacek,wkubacekfm@umich.edu,Male,57.40.110.68
564,Osbourn,Lujan,olujanfn@cpanel.net,Male,196.80.11.86
565,Stephenie,Perfili,sperfilifo@umn.edu,Female,179.204.64.228
566,Tanitansy,Moylan,tmoylanfp@umich.edu,Female,252.93.18.182
567,Shay,Dodson,sdodsonfq@squarespace.com,Female,147.42.43.23
568,Tadeas,Lakeland,tlakelandfr@wired.com,Male,10.82.33.164
569,Frants,Slight,fslightfs@google.com,Male,85.18.209.187
570,Doreen,Buxcey,dbuxceyft@webeden.co.uk,Female,80.80.210.0
571,Bradan,Iacovaccio,biacovacciofu@over-blog.com,Male,60.225.55.73
572,Hayes,Corstan,hcorstanfv@oaic.gov.au,Male,132.162.139.139
573,Horst,Shouler,hshoulerfw@google.it,Bigender,159.69.127.209
574,Bertine,Stapley,bstapleyfx@clickbank.net,Agender,186.241.164.238
575,Cash,De Cruz,cdecruzfy@nationalgeographic.com,Male,206.183.83.235
576,Agnella,Macon,amaconfz@devhub.com,Female,211.102.108.149
577,Cris,Baverstock,cbaverstockg0@canalblog.com,Male,171.191.60.28
578,Jennifer,Kunrad,jkunradg1@booking.com,Female,132.150.104.165
579,Barr,Cicchinelli,bcicchinellig2@nifty.com,Polygender,115.195.127.159
580,Henrietta,Soulsby,hsoulsbyg3@eepurl.com,Bigender,202.136.147.96
581,Edwin,Pawnsford,epawnsfordg4@amazon.co.uk,Male,61.46.198.174
582,Kenn,Genders,kgendersg5@cbslocal.com,Male,219.232.173.43
583,Sari,Schoenrock,sschoenrockg6@pen.io,Female,166.238.141.134
584,Jim,Pattison,jpattisong7@phpbb.com,Male,84.97.98.207
585,Flory,Crone,fcroneg8@marketwatch.com,Genderqueer,152.238.27.204
586,Zebedee,Grovier,zgrovierg9@woothemes.com,Male,159.36.254.167
587,Titus,Lloyd-Williams,tlloydwilliamsga@hostgator.com,Male,139.245.153.216
588,Gregoire,Haszard,ghaszardgb@com.com,Male,67.81.212.101
589,Teresa,McAleese,tmcaleesegc@comcast.net,Bigender,136.254.104.148
590,Sheelagh,Conyer,sconyergd@icq.com,Bigender,25.194.44.103
591,Mackenzie,Weedall,mweedallge@ehow.com,Male,132.128.159.119
592,Timoteo,Arsmith,tarsmithgf@typepad.com,Male,195.197.101.42
593,Keely,Favelle,kfavellegg@last.fm,Female,164.251.190.162
594,Carline,Hannent,channentgh@dot.gov,Female,160.174.250.202
595,Olvan,McLevie,omcleviegi@example.com,Male,2.222.206.221
596,Gisele,Djorevic,gdjorevicgj@google.ca,Female,19.57.212.93
597,Fidelio,Edginton,fedgintongk@nih.gov,Male,172.149.185.114
598,Kevina,Routhorn,krouthorngl@ehow.com,Female,231.113.235.123
599,Harvey,Illingsworth,hillingsworthgm@google.fr,Male,214.93.159.241
600,Mandy,Livingstone,mlivingstonegn@ihg.com,Female,202.133.29.182
601,Winn,Vardie,wvardiego@amazon.de,Male,8.134.254.141
602,Kerrin,Hatherill,khatherillgp@hud.gov,Female,119.70.159.179
603,Aymer,Trinkwon,atrinkwongq@hubpages.com,Male,212.208.193.253
604,Tabbie,Petrelli,tpetrelligr@marriott.com,Female,32.49.32.175
605,Garey,Liebmann,gliebmanngs@tripod.com,Male,133.20.206.244
606,Silvia,Klimko,sklimkogt@bigcartel.com,Female,235.157.221.193
607,Kylie,Kattenhorn,kkattenhorngu@wikipedia.org,Male,235.36.36.83
608,Charity,Johnke,cjohnkegv@google.ca,Female,200.163.232.213
609,Deanna,Dowson,ddowsongw@tuttocitta.it,Female,239.79.233.177
610,Matthew,Pohl,mpohlgx@ask.com,Male,217.113.183.80
611,Griff,Khosa,gkhosagy@blogs.com,Male,41.254.184.146
612,Delainey,Creane,dcreanegz@edublogs.org,Male,34.155.226.96
613,Frederick,Cessford,fcessfordh0@soundcloud.com,Male,67.242.163.164
614,Martie,Gallety,mgalletyh1@comcast.net,Male,22.61.183.150
615,Walker,Jorn,wjornh2@flavors.me,Male,133.55.15.180
616,Willette,Iggo,wiggoh3@tiny.cc,Female,53.203.36.47
617,Adora,Lansbury,alansburyh4@trellian.com,Female,97.211.9.88
618,Lazar,Maguire,lmaguireh5@sfgate.com,Male,51.242.160.216
619,Fee,Dimitrie,fdimitrieh6@prweb.com,Male,94.149.8.45
620,Pat,Tinman,ptinmanh7@webmd.com,Male,121.215.109.78
621,Arron,Hallibone,ahalliboneh8@google.com.br,Male,75.45.11.203
622,Cherye,Hundley,chundleyh9@posterous.com,Genderfluid,143.130.5.163
623,Jennette,Peizer,jpeizerha@slashdot.org,Female,48.222.64.234
624,Lyndsie,Flury,lfluryhb@google.de,Genderqueer,171.21.139.29
625,Christoffer,Barlee,cbarleehc@gmpg.org,Male,65.215.107.215
626,Adda,Bladon,abladonhd@technorati.com,Female,188.220.65.225
627,Chickie,O'Heneghan,coheneghanhe@economist.com,Male,195.208.24.195
628,Turner,Spain,tspainhf@reverbnation.com,Male,74.17.146.62
629,Clayton,Bryceson,cbrycesonhg@deviantart.com,Male,217.232.67.115
630,Hermy,Pinchen,hpinchenhh@google.pl,Male,230.98.82.45
631,Gary,Shallcross,gshallcrosshi@noaa.gov,Male,48.37.187.55
632,Mendel,Hebard,mhebardhj@ifeng.com,Male,216.108.180.74
633,Edgardo,Meehan,emeehanhk@quantcast.com,Male,121.198.241.220
634,Julina,Steventon,jsteventonhl@bloglines.com,Non-binary,221.212.156.219
635,Gisela,Overy,goveryhm@ucoz.ru,Female,234.203.106.87
636,Neddie,Babalola,nbabalolahn@about.com,Male,173.71.216.237
637,Lin,Itzkovitch,litzkovitchho@utexas.edu,Male,94.244.72.165
638,Alistair,Brandreth,abrandrethhp@umn.edu,Male,220.93.205.61
639,Natty,Ridley,nridleyhq@facebook.com,Male,248.117.127.245
640,Gare,Bastick,gbastickhr@statcounter.com,Male,42.90.36.223
641,Penelopa,Yakubovics,pyakubovicshs@china.com.cn,Female,205.240.162.117
642,Erie,Beatty,ebeattyht@accuweather.com,Genderfluid,145.140.114.202
643,Daniel,Spear,dspearhu@ed.gov,Male,34.220.245.199
644,Neala,Blanchflower,nblanchflowerhv@desdev.cn,Female,154.44.194.56
645,Cornelle,Shalcros,cshalcroshw@youku.com,Female,168.93.209.168
646,Libbi,Cokly,lcoklyhx@multiply.com,Female,25.198.226.167
647,Misha,Avieson,maviesonhy@omniture.com,Female,123.25.137.233
648,Tyrone,Whyman,twhymanhz@tiny.cc,Male,176.252.133.231
649,Hamel,Kuna,hkunai0@google.com.au,Male,75.142.5.65
650,Casi,Lewsie,clewsiei1@feedburner.com,Female,125.140.165.21
651,Scotti,Balaison,sbalaisoni2@so-net.ne.jp,Male,115.243.37.173
652,Tildi,McGeffen,tmcgeffeni3@csmonitor.com,Female,14.47.234.224
653,Sully,Brandli,sbrandlii4@miitbeian.gov.cn,Male,18.5.251.59
654,Jorgan,Paxforde,jpaxfordei5@deviantart.com,Genderfluid,148.230.216.140
655,Rebe,Exon,rexoni6@myspace.com,Female,112.51.177.242
656,Skippy,Torresi,storresii7@miibeian.gov.cn,Male,78.201.11.162
657,Pierette,Simao,psimaoi8@irs.gov,Female,123.40.174.115
658,Ariel,Batrick,abatricki9@mit.edu,Male,67.176.110.123
659,Ulberto,Puddicombe,upuddicombeia@wired.com,Male,13.80.8.177
660,Syd,Bonnefin,sbonnefinib@1und1.de,Male,240.27.127.249
661,Rod,Prater,rprateric@pcworld.com,Male,53.232.111.175
662,Kerby,Pendlington,kpendlingtonid@home.pl,Polygender,216.82.138.155
663,Daffie,Iffland,difflandie@free.fr,Female,152.86.67.230
664,Ellynn,Pridie,epridieif@deliciousdays.com,Female,250.185.110.32
665,Lexi,Leddie,lleddieig@booking.com,Female,226.30.89.188
666,Flore,Aleksandrikin,faleksandrikinih@macromedia.com,Female,123.115.198.231
667,Brynne,Patmore,bpatmoreii@addthis.com,Polygender,110.147.95.166
668,Arlene,Kitchingham,akitchinghamij@exblog.jp,Female,219.65.58.196
669,Bradly,Godleman,bgodlemanik@desdev.cn,Male,201.43.80.6
670,Jermayne,Weinham,jweinhamil@nytimes.com,Male,243.35.247.63
671,Townsend,de Quesne,tdequesneim@yahoo.com,Polygender,65.134.97.22
672,Bird,Killoran,bkilloranin@ow.ly,Female,253.116.24.127
673,Ravi,Como,rcomoio@apache.org,Male,237.255.253.94
674,Thomasina,Viner,tvinerip@google.ru,Female,254.198.91.77
675,Lela,Lutzmann,llutzmanniq@amazonaws.com,Agender,87.17.108.89
676,Hollie,McPaike,hmcpaikeir@tripadvisor.com,Female,117.167.209.84
677,Lari,Fine,lfineis@un.org,Female,138.43.24.52
678,Baily,Lambirth,blambirthit@latimes.com,Male,251.71.184.177
679,Nehemiah,Behn,nbehniu@tripod.com,Male,64.227.160.138
680,Sky,Zanetto,szanettoiv@reference.com,Male,153.108.110.90
681,Fielding,Hek,fhekiw@independent.co.uk,Male,199.17.61.73
682,Jonis,Epp,jeppix@mediafire.com,Female,155.255.150.111
683,Klemens,Pawel,kpaweliy@state.gov,Male,42.220.148.62
684,Myrta,Bohan,mbohaniz@hostgator.com,Female,107.143.218.42
685,Valeda,Paling,vpalingj0@php.net,Female,146.78.145.73
686,Kean,Hurl,khurlj1@salon.com,Male,10.15.131.28
687,Arni,St Ledger,astledgerj2@marriott.com,Male,85.90.251.75
688,Annecorinne,Silcocks,asilcocksj3@unicef.org,Female,23.65.212.171
689,Cymbre,Leithgoe,cleithgoej4@dedecms.com,Female,224.119.207.84
690,Ilene,Samart,isamartj5@mlb.com,Female,127.18.1.184
691,Lucina,Durrans,ldurransj6@ifeng.com,Female,47.168.54.106
692,Kassie,Ravel,kravelj7@amazon.co.jp,Female,123.24.82.224
693,Rakel,Mc Kellen,rmckellenj8@examiner.com,Female,152.13.7.232
694,Mariska,Stapleford,mstaplefordj9@linkedin.com,Female,184.71.248.105
695,Joseph,Gadsby,jgadsbyja@1688.com,Male,56.67.133.219
696,Sherline,Milkin,smilkinjb@storify.com,Female,92.126.241.95
697,Seka,Ascroft,sascroftjc@mozilla.org,Female,208.87.128.251
698,Milissent,Medling,mmedlingjd@toplist.cz,Female,168.229.13.197
699,Brittany,Yeardley,byeardleyje@bing.com,Female,26.90.104.176
700,Gage,Pattisson,gpattissonjf@weather.com,Male,3.56.131.22
701,Tersina,Pashan,tpashanjg@arstechnica.com,Female,103.114.193.166
702,Jefferey,Speed,jspeedjh@yellowbook.com,Male,126.186.244.144
703,Sam,Womersley,swomersleyji@alexa.com,Male,87.254.201.106
704,Alyse,Greenrde,agreenrdejj@symantec.com,Female,187.125.67.214
705,Kay,McCully,kmccullyjk@patch.com,Female,85.101.91.144
706,Fabe,McNirlan,fmcnirlanjl@skype.com,Male,177.204.147.99
707,Berkie,Schwandermann,bschwandermannjm@ask.com,Male,245.70.217.81
708,Avie,Pettersen,apettersenjn@mozilla.org,Female,48.104.128.142
709,Sayres,Melmeth,smelmethjo@usnews.com,Male,81.97.33.193
710,Gianna,Dimmick,gdimmickjp@imdb.com,Female,228.153.40.12
711,Garnette,Garfitt,ggarfittjq@chron.com,Female,78.229.58.126
712,Ad,Graith,agraithjr@nifty.com,Male,55.39.186.176
713,Rollin,Mapp,rmappjs@nature.com,Male,61.212.42.116
714,Skipp,Knightsbridge,sknightsbridgejt@liveinternet.ru,Male,43.2.80.184
715,Luciana,Jeavon,ljeavonju@mysql.com,Female,115.252.165.35
716,Wyatt,Adolthine,wadolthinejv@over-blog.com,Male,59.45.122.136
717,Seana,Heinrici,sheinricijw@guardian.co.uk,Female,66.163.155.230
718,Deni,Alcoran,dalcoranjx@nymag.com,Female,129.64.191.168
719,Bertine,Alfonsini,balfonsinijy@merriam-webster.com,Female,2.99.124.77
720,Eilis,Doul,edouljz@tinyurl.com,Female,134.227.250.128
721,Anabel,Rotherham,arotherhamk0@sciencedaily.com,Female,101.16.84.9
722,Miguela,Byneth,mbynethk1@examiner.com,Female,199.125.236.119
723,Glyn,Gives,ggivesk2@shop-pro.jp,Male,85.137.209.188
724,Rolph,Wooderson,rwoodersonk3@nymag.com,Male,130.151.43.52
725,Lorrie,Bever,lbeverk4@instagram.com,Male,238.164.221.83
726,Bernadine,Woltering,bwolteringk5@accuweather.com,Female,70.140.175.92
727,Ricky,Gonsalvez,rgonsalvezk6@shareasale.com,Male,184.69.243.2
728,Chase,Shearwood,cshearwoodk7@taobao.com,Male,210.129.241.199
729,Sasha,Merrett,smerrettk8@nps.gov,Male,89.105.133.117
730,Stanislaus,Danielsohn,sdanielsohnk9@ihg.com,Male,214.104.104.171
731,Jessi,Caccavari,jcaccavarika@biblegateway.com,Female,100.138.193.216
732,Hercule,Armytage,harmytagekb@nih.gov,Male,194.195.97.172
733,Audrye,Molyneaux,amolyneauxkc@gravatar.com,Female,150.15.173.235
734,Clarisse,Rulten,crultenkd@google.co.uk,Female,62.81.102.163
735,Vivian,Tandey,vtandeyke@clickbank.net,Female,7.24.197.55
736,Mateo,McCrainor,mmccrainorkf@shinystat.com,Male,48.143.34.73
737,Gussi,Learoid,glearoidkg@businesswire.com,Female,109.94.88.151
738,Heinrick,Edlyn,hedlynkh@comcast.net,Male,211.70.177.26
739,Bird,Labell,blabellki@businesswire.com,Female,46.218.185.92
740,Chancey,Tawton,ctawtonkj@spotify.com,Male,70.183.53.28
741,Winthrop,Martinek,wmartinekkk@ted.com,Male,227.97.93.251
742,Emogene,Cockings,ecockingskl@ca.gov,Female,49.45.212.128
743,Amie,Tribe,atribekm@bbb.org,Female,206.249.110.164
744,Joanie,Baise,jbaisekn@sourceforge.net,Female,98.133.237.92
745,Zechariah,Nickoles,znickolesko@cloudflare.com,Male,76.154.109.144
746,Randie,Joannet,rjoannetkp@yahoo.co.jp,Male,102.223.13.180
747,Roxanna,Baptie,rbaptiekq@cornell.edu,Female,240.78.226.132
748,Zsazsa,Getch,zgetchkr@nature.com,Female,173.5.184.199
749,Goldie,Sumpton,gsumptonks@photobucket.com,Female,99.192.27.106
750,Merrill,Cooch,mcoochkt@un.org,Female,108.23.252.0
751,Nealon,Sharpous,nsharpousku@samsung.com,Male,20.155.72.90
752,Abram,Chalcroft,achalcroftkv@live.com,Male,242.27.112.121
753,Garrik,Blakeley,gblakeleykw@sphinn.com,Male,22.118.123.177
754,Melicent,Sketh,mskethkx@hostgator.com,Female,236.134.97.157
755,Rayshell,Leethem,rleethemky@adobe.com,Female,242.244.212.15
756,Mohandas,Jodlowski,mjodlowskikz@list-manage.com,Agender,84.236.231.20
757,Hollie,Alton,haltonl0@tumblr.com,Female,61.130.78.172
758,Jordain,Menloe,jmenloel1@dropbox.com,Female,144.178.55.70
759,Ruby,Belhome,rbelhomel2@google.com.br,Bigender,96.200.79.61
760,Roslyn,Pedlar,rpedlarl3@pcworld.com,Female,236.94.237.241
761,Stephannie,Abrams,sabramsl4@mtv.com,Female,254.142.103.51
762,Fran,Thurling,fthurlingl5@unblog.fr,Male,210.41.255.182
763,Susannah,Frosdick,sfrosdickl6@cnbc.com,Female,118.70.29.104
764,Cynthia,Feather,cfeatherl7@census.gov,Female,63.126.62.34
765,Marisa,Mackness,mmacknessl8@dropbox.com,Female,243.4.193.240
766,Lauralee,Staries,lstariesl9@usatoday.com,Female,82.95.166.16
767,Darrell,Sollars,dsollarsla@yellowpages.com,Male,5.166.84.124
768,Jada,Priddie,jpriddielb@tiny.cc,Female,111.119.120.122
769,Aubree,Mc Kellen,amckellenlc@zimbio.com,Female,31.51.209.21
770,Carlye,Grent,cgrentld@ning.com,Female,18.26.130.70
771,Duke,Kirkpatrick,dkirkpatrickle@guardian.co.uk,Male,207.11.215.75
772,Rochester,Jarratt,rjarrattlf@buzzfeed.com,Bigender,154.112.91.10
773,Lek,Cockland,lcocklandlg@china.com.cn,Male,143.23.140.0
774,Kerstin,Chadney,kchadneylh@so-net.ne.jp,Female,80.252.185.58
775,Aggie,Haine,ahaineli@tripadvisor.com,Female,63.110.92.220
776,Rhonda,Eschalette,reschalettelj@ca.gov,Female,122.250.183.24
777,Bonnibelle,Smewing,bsmewinglk@addthis.com,Female,134.167.22.165
778,Natka,Andriolli,nandriollill@senate.gov,Female,222.249.96.47
779,Gorden,Stegell,gstegelllm@sfgate.com,Polygender,23.14.96.68
780,Ashly,Wycliffe,awycliffeln@technorati.com,Female,32.249.146.250
781,Gwenore,Lindop,glindoplo@umich.edu,Female,182.26.204.65
782,Gage,Conroy,gconroylp@techcrunch.com,Male,94.140.226.227
783,Eldin,Meagh,emeaghlq@slashdot.org,Male,159.49.0.30
784,Ruby,Mallaby,rmallabylr@theguardian.com,Male,190.225.101.127
785,Daune,Kelledy,dkelledyls@hp.com,Female,86.38.186.74
786,Reagen,McOrkill,rmcorkilllt@51.la,Male,182.212.28.77
787,Lia,Brashaw,lbrashawlu@printfriendly.com,Agender,3.38.56.213
788,Krishnah,Trout,ktroutlv@vk.com,Male,206.160.76.196
789,Caldwell,Vurley,cvurleylw@jugem.jp,Male,1.217.217.175
790,Valina,Rubinsohn,vrubinsohnlx@msu.edu,Female,35.142.88.178
791,Gaven,Sackes,gsackesly@livejournal.com,Male,242.90.54.90
792,Avram,Frankowski,afrankowskilz@house.gov,Male,129.167.233.111
793,Trevor,Sterndale,tsterndalem0@howstuffworks.com,Male,211.85.233.246
794,Margaretta,Dunbleton,mdunbletonm1@barnesandnoble.com,Female,137.246.34.104
795,Keefe,Heatly,kheatlym2@g.co,Male,128.166.40.121
796,Gayle,Skegg,gskeggm3@cbslocal.com,Male,104.178.127.23
797,Karee,Ballintyne,kballintynem4@cloudflare.com,Female,110.181.95.235
798,Valdemar,Hlavac,vhlavacm5@foxnews.com,Male,150.121.164.29
799,Federica,Kellie,fkelliem6@diigo.com,Female,8.202.142.248
800,Persis,Whittingham,pwhittinghamm7@washingtonpost.com,Female,54.72.158.153
801,Jody,Thirlwall,jthirlwallm8@about.me,Female,84.104.105.144
802,Shermie,Surridge,ssurridgem9@devhub.com,Male,93.94.89.232
803,Myrvyn,Sykora,msykorama@parallels.com,Male,61.206.200.209
804,Sig,Ure,suremb@kickstarter.com,Male,225.144.235.131
805,Raimund,Headley,rheadleymc@harvard.edu,Male,225.128.112.96
806,Kelsey,Cotton,kcottonmd@photobucket.com,Male,115.89.175.80
807,Nikolia,Yoell,nyoellme@hao123.com,Female,185.41.49.93
808,Nedda,Benez,nbenezmf@bravesites.com,Female,146.167.57.203
809,Aldous,Pakes,apakesmg@miibeian.gov.cn,Male,64.119.227.97
810,Cory,Terzo,cterzomh@scribd.com,Female,210.107.242.143
811,Maria,Luipold,mluipoldmi@netvibes.com,Female,210.116.131.250
812,Esme,Ibberson,eibbersonmj@huffingtonpost.com,Polygender,134.152.162.125
813,Nowell,Pehrsson,npehrssonmk@tamu.edu,Male,224.144.225.106
814,Corrina,Oatley,coatleyml@hexun.com,Female,84.167.11.217
815,Neils,Quakley,nquakleymm@mapquest.com,Male,109.11.184.35
816,Lamond,Riches,lrichesmn@tamu.edu,Genderfluid,154.227.173.238
817,Adrianna,McGucken,amcguckenmo@fda.gov,Female,164.219.197.6
818,Caritta,Simoni,csimonimp@ebay.com,Female,148.250.24.57
819,Starlene,Burleigh,sburleighmq@shop-pro.jp,Female,38.72.112.1
820,Marten,Morcomb,mmorcombmr@oracle.com,Male,186.74.122.173
821,Salomo,Dorgan,sdorganms@wisc.edu,Male,44.12.173.27
822,Andromache,Di Meo,adimeomt@omniture.com,Female,84.76.155.197
823,Bentlee,Cope,bcopemu@woothemes.com,Male,199.102.162.13
824,Godard,Oels,goelsmv@mozilla.com,Male,23.73.199.172
825,Andrey,Spearman,aspearmanmw@webnode.com,Male,125.2.12.209
826,Darsie,Lattimer,dlattimermx@utexas.edu,Female,14.155.7.63
827,Filia,Padley,fpadleymy@soundcloud.com,Female,253.43.216.20
828,Urbanus,Fairall,ufairallmz@smh.com.au,Male,218.64.10.17
829,Isacco,Scarfe,iscarfen0@epa.gov,Male,212.82.7.138
830,Rhiamon,Figgs,rfiggsn1@prlog.org,Female,253.10.226.12
831,Erika,Tregiddo,etregiddon2@google.cn,Female,167.255.103.67
832,Bartolemo,Cowherd,bcowherdn3@blog.com,Male,151.2.52.59
833,Hayward,Murrhardt,hmurrhardtn4@google.nl,Male,187.5.72.45
834,Hogan,Dowley,hdowleyn5@usda.gov,Male,218.155.69.240
835,Barbaraanne,Jandak,bjandakn6@drupal.org,Female,13.186.136.208
836,Goldia,Loweth,glowethn7@huffingtonpost.com,Female,155.209.85.34
837,Devland,Milligan,dmilligann8@unc.edu,Male,68.226.200.53
838,Olav,Leall,olealln9@guardian.co.uk,Male,87.126.41.147
839,Cloris,Baum,cbaumna@ifeng.com,Bigender,100.99.123.64
840,Deloria,Velde,dveldenb@yelp.com,Female,55.225.156.81
841,Noah,Daleman,ndalemannc@multiply.com,Male,161.92.197.170
842,Austen,Gaspard,agaspardnd@zdnet.com,Male,190.246.72.53
843,Cherry,Frazer,cfrazerne@github.com,Genderqueer,166.244.177.203
844,Yovonnda,Ainger,yaingernf@furl.net,Female,136.94.129.67
845,Winnie,Stoad,wstoadng@wikimedia.org,Female,67.213.189.79
846,Vanessa,Greenrde,vgreenrdenh@google.nl,Female,2.93.127.236
847,Glen,Babon,gbabonni@newsvine.com,Male,195.44.70.225
848,Monti,Armytage,marmytagenj@timesonline.co.uk,Male,190.181.82.46
849,Blair,MacKeever,bmackeevernk@cam.ac.uk,Polygender,4.160.98.187
850,Joanna,Lohrensen,jlohrensennl@nsw.gov.au,Female,147.248.218.229
851,Liliane,Punyer,lpunyernm@homestead.com,Female,203.0.70.221
852,Lynne,Nanelli,lnanellinn@reverbnation.com,Female,146.207.181.186
853,Doyle,Tzarkov,dtzarkovno@ted.com,Male,85.71.162.189
854,Isabelita,Donnelly,idonnellynp@independent.co.uk,Female,120.61.96.10
855,Cher,Munford,cmunfordnq@de.vu,Female,57.145.137.191
856,Nev,Stidson,nstidsonnr@weebly.com,Male,164.81.126.206
857,Emlen,Moscrop,emoscropns@i2i.jp,Male,67.26.50.135
858,Justinn,Lidden,jliddennt@typepad.com,Female,50.213.141.47
859,Danette,Franklyn,dfranklynnu@chicagotribune.com,Female,167.208.181.228
860,Darnell,Byles,dbylesnv@yolasite.com,Male,92.109.141.254
861,Nelie,Harnes,nharnesnw@shinystat.com,Female,207.51.132.109
862,Tatiana,Probet,tprobetnx@imgur.com,Female,88.6.252.94
863,Corny,Oxterby,coxterbyny@hhs.gov,Male,1.44.191.125
864,Sammy,Wooffitt,swooffittnz@uol.com.br,Female,170.160.125.55
865,Spencer,Bullocke,sbullockeo0@buzzfeed.com,Male,206.65.10.228
866,Alys,Fivey,afiveyo1@guardian.co.uk,Female,52.25.252.242
867,Judah,Van den Broek,jvandenbroeko2@instagram.com,Male,231.82.59.220
868,Pablo,McGonigal,pmcgonigalo3@gov.uk,Male,136.100.99.213
869,Beverley,Tompkin,btompkino4@princeton.edu,Female,235.59.28.3
870,Joanne,Bodell,jbodello5@examiner.com,Female,156.116.164.35
871,Nickie,Manifould,nmanifouldo6@ovh.net,Female,97.146.209.96
872,Budd,Hawick,bhawicko7@toplist.cz,Male,212.66.22.240
873,Pepito,Beardon,pbeardono8@sogou.com,Male,17.9.252.32
874,Bellanca,Caird,bcairdo9@cargocollective.com,Female,146.122.190.110
875,Cornall,Chaperlin,cchaperlinoa@slideshare.net,Male,87.144.208.93
876,Boone,Musto,bmustoob@dion.ne.jp,Male,111.247.205.6
877,Timothea,Crawshaw,tcrawshawoc@auda.org.au,Female,215.95.178.244
878,Kalli,Wooffinden,kwooffindenod@flavors.me,Female,186.153.102.121
879,Dita,Yate,dyateoe@cornell.edu,Female,193.220.93.251
880,Reynard,Suddaby,rsuddabyof@imageshack.us,Male,85.3.251.236
881,Seth,Foottit,sfoottitog@bizjournals.com,Male,252.203.63.154
882,Valerie,Hawke,vhawkeoh@washington.edu,Female,124.121.145.107
883,Chucho,Stedman,cstedmanoi@blogtalkradio.com,Male,88.247.237.78
884,Gertrud,McGarvie,gmcgarvieoj@diigo.com,Female,71.101.85.11
885,Ondrea,Cadany,ocadanyok@sourceforge.net,Female,179.127.150.163
886,Orland,Shoobridge,oshoobridgeol@patch.com,Male,173.28.182.250
887,Rowe,Le Page,rlepageom@hhs.gov,Female,119.137.148.149
888,Floyd,Speakman,fspeakmanon@indiegogo.com,Male,232.73.83.183
889,Odo,Gitsham,ogitshamoo@ustream.tv,Male,147.76.147.119
890,Bernardo,Kenwell,bkenwellop@spiegel.de,Male,114.71.159.126
891,Abigael,Currao,acurraooq@de.vu,Female,214.39.24.235
892,Miranda,Coultass,mcoultassor@latimes.com,Female,72.217.215.90
893,Eryn,Couldwell,ecouldwellos@creativecommons.org,Female,58.170.217.94
894,Gertruda,Putson,gputsonot@hp.com,Female,207.80.136.57
895,Chico,Phelan,cphelanou@wikia.com,Male,20.190.49.156
896,Jarrid,Sodor,jsodorov@theatlantic.com,Male,237.55.70.118
897,Anna-diane,Millmore,amillmoreow@ow.ly,Female,3.164.219.185
898,Ruthie,Ciciotti,rciciottiox@imgur.com,Genderqueer,252.20.171.131
899,Gwenni,Cordery,gcorderyoy@nifty.com,Female,12.29.6.7
900,Francis,Ginglell,fginglelloz@paginegialle.it,Male,102.155.80.177
901,Ashla,Tyght,atyghtp0@vistaprint.com,Female,84.36.197.98
902,Gloriana,Croft,gcroftp1@hp.com,Agender,250.3.254.9
903,Clemmy,Lathee,clatheep2@indiegogo.com,Male,21.252.171.62
904,Cello,Eglise,ceglisep3@telegraph.co.uk,Male,158.175.105.187
905,Neall,Sirrell,nsirrellp4@fc2.com,Male,170.204.216.137
906,Rudolph,O'Callaghan,rocallaghanp5@merriam-webster.com,Male,29.60.40.27
907,Cari,Youhill,cyouhillp6@about.me,Female,199.173.74.57
908,Romola,Bazoge,rbazogep7@economist.com,Female,33.132.155.131
909,Hardy,Wakeman,hwakemanp8@ihg.com,Male,142.34.104.70
910,Janos,Lampe,jlampep9@elpais.com,Male,16.145.103.227
911,Ransell,Treversh,rtrevershpa@lulu.com,Male,250.195.46.102
912,Israel,Yallowley,iyallowleypb@squarespace.com,Male,171.77.237.137
913,Antonin,Jurasz,ajuraszpc@cbslocal.com,Polygender,252.92.51.130
914,Betteann,Melson,bmelsonpd@un.org,Female,182.178.154.187
915,Finlay,Dulake,fdulakepe@youku.com,Male,250.144.19.198
916,Aurora,Cafferty,acaffertypf@123-reg.co.uk,Genderfluid,60.19.235.192
917,Catherin,Dabrowski,cdabrowskipg@bing.com,Female,64.3.123.132
918,Desirae,Pinkard,dpinkardph@imgur.com,Female,248.239.18.76
919,Adele,Spada,aspadapi@cmu.edu,Female,223.217.11.117
920,Fonsie,Menlove,fmenlovepj@yahoo.com,Male,153.24.201.183
921,Odo,Bowld,obowldpk@prweb.com,Male,139.61.138.38
922,Katine,Dyche,kdychepl@xinhuanet.com,Female,3.152.213.223
923,Ethelbert,Starmore,estarmorepm@is.gd,Male,144.6.195.76
924,Cyndy,Harbard,charbardpn@studiopress.com,Female,58.191.64.96
925,Fax,Goschalk,fgoschalkpo@vimeo.com,Male,31.90.202.131
926,Sullivan,Gilogly,sgiloglypp@is.gd,Male,121.241.172.240
927,Ethelyn,Ors,eorspq@scribd.com,Female,106.88.224.183
928,Mariel,Rehme,mrehmepr@vkontakte.ru,Female,120.1.72.101
929,Alexander,Ennever,aenneverps@pcworld.com,Male,174.4.50.42
930,Zora,Lissett,zlissettpt@aboutads.info,Female,183.166.102.217
931,Helene,Youthed,hyouthedpu@rakuten.co.jp,Female,218.100.57.187
932,Donavon,Lambswood,dlambswoodpv@nps.gov,Male,41.226.218.138
933,Debora,Giacobazzi,dgiacobazzipw@wiley.com,Female,4.70.116.7
934,Rosalinde,Bothen,rbothenpx@unesco.org,Female,26.128.226.83
935,Lloyd,Whaley,lwhaleypy@house.gov,Male,46.58.150.90
936,Ario,Mancktelow,amancktelowpz@bbc.co.uk,Male,126.113.214.206
937,Fonzie,Austwick,faustwickq0@fastcompany.com,Male,69.48.220.55
938,Hagen,Duke,hdukeq1@acquirethisname.com,Male,203.74.89.194
939,Carri,Tilburn,ctilburnq2@earthlink.net,Female,102.195.175.54
940,Annamaria,Whitington,awhitingtonq3@liveinternet.ru,Female,208.173.242.166
941,Maison,Garthland,mgarthlandq4@redcross.org,Male,238.214.17.32
942,Rozalie,Arthurs,rarthursq5@about.me,Female,254.162.71.167
943,Lewiss,Cove,lcoveq6@comcast.net,Male,251.129.137.25
944,Maurine,Werny,mwernyq7@sakura.ne.jp,Female,171.3.75.190
945,Annabell,Fern,afernq8@geocities.com,Female,207.75.110.128
946,Marie-jeanne,Blacksell,mblacksellq9@yolasite.com,Female,121.6.206.190
947,Tynan,Collocott,tcollocottqa@amazonaws.com,Male,111.175.73.65
948,Margarette,Lindro,mlindroqb@illinois.edu,Female,57.189.88.237
949,Terza,Hully,thullyqc@jalbum.net,Female,28.204.33.226
950,Moshe,Gossop,mgossopqd@elpais.com,Male,146.71.58.136
951,Giulio,Warrier,gwarrierqe@slideshare.net,Male,129.23.41.16
952,Leilah,Gurko,lgurkoqf@live.com,Female,63.156.198.14
953,Marwin,Bolderson,mboldersonqg@goo.ne.jp,Male,210.33.125.22
954,Jacquette,Gratrix,jgratrixqh@prnewswire.com,Female,239.26.169.198
955,Claudina,Devonish,cdevonishqi@tripod.com,Female,1.83.169.16
956,Lenka,Illes,lillesqj@joomla.org,Female,125.224.97.33
957,Raoul,Pirdue,rpirdueqk@chronoengine.com,Polygender,174.211.186.56
958,Devan,Elger,delgerql@craigslist.org,Female,89.87.130.246
959,Florance,Croysdale,fcroysdaleqm@rakuten.co.jp,Female,66.105.219.119
960,Larina,Harrie,lharrieqn@sogou.com,Female,47.5.236.203
961,Bald,Ettridge,bettridgeqo@icio.us,Male,151.132.145.40
962,Babb,Tilbury,btilburyqp@squarespace.com,Female,172.1.26.138
963,Asher,Heeps,aheepsqq@altervista.org,Male,196.22.227.9
964,Nadya,Oxenford,noxenfordqr@sitemeter.com,Female,70.8.219.90
965,Granthem,Sandys,gsandysqs@networksolutions.com,Male,129.204.38.183
966,Buck,Short,bshortqt@theglobeandmail.com,Male,249.99.29.238
967,Alva,Kingsnode,akingsnodequ@prlog.org,Male,80.222.80.20
968,Amos,Steiner,asteinerqv@mayoclinic.com,Male,86.201.247.4
969,Druci,Ducastel,dducastelqw@theatlantic.com,Female,163.192.76.156
970,Tadeas,Christoffels,tchristoffelsqx@flickr.com,Male,16.89.194.75
971,Correy,Partington,cpartingtonqy@sina.com.cn,Male,104.183.238.124
972,Remus,Bolsteridge,rbolsteridgeqz@va.gov,Non-binary,121.21.195.67
973,Will,Gribbon,wgribbonr0@slate.com,Genderqueer,124.190.136.183
974,Andria,Mundy,amundyr1@nature.com,Polygender,144.238.62.193
975,Jeddy,Pickersgill,jpickersgillr2@theglobeandmail.com,Male,10.72.201.21
976,Tessy,Wittke,twittker3@prnewswire.com,Agender,196.125.121.99
977,Mohandis,Sabbins,msabbinsr4@yolasite.com,Male,143.251.82.131
978,Jaimie,Bowman,jbowmanr5@slideshare.net,Bigender,207.214.223.53
979,Osborne,Jewis,ojewisr6@thetimes.co.uk,Male,175.131.21.236
980,Kaiser,Houndson,khoundsonr7@netscape.com,Male,195.66.19.183
981,Kaylee,Fairey,kfaireyr8@tripadvisor.com,Female,28.98.218.12
982,Justis,Roddam,jroddamr9@phoca.cz,Genderqueer,1.119.48.99
983,Ferrel,Tomik,ftomikra@answers.com,Male,170.163.143.116
984,Brittani,Louca,bloucarb@microsoft.com,Female,94.58.218.249
985,Meredith,Steers,msteersrc@biglobe.ne.jp,Male,24.249.184.217
986,Courtnay,Chadband,cchadbandrd@pagesperso-orange.fr,Male,2.16.122.197
987,Sidonia,Duckering,sduckeringre@alibaba.com,Female,4.244.30.93
988,Rosette,Jaycock,rjaycockrf@apache.org,Female,48.193.79.74
989,Ado,Sweetman,asweetmanrg@opensource.org,Male,151.212.65.130
990,Audry,Neaves,aneavesrh@google.fr,Female,152.208.210.22
991,Susanne,Slimm,sslimmri@t-online.de,Female,239.159.193.53
992,Ibby,Vassar,ivassarrj@businesswire.com,Genderqueer,180.48.246.164
993,Agosto,Trevor,atrevorrk@yellowbook.com,Male,1.112.183.206
994,Inglebert,Canter,icanterrl@meetup.com,Male,192.118.127.91
995,Drud,Cardiff,dcardiffrm@zdnet.com,Male,97.80.165.251
996,Pauly,Gowrich,pgowrichrn@desdev.cn,Male,198.250.64.177
997,Bernetta,Mattingson,bmattingsonro@hp.com,Female,17.209.140.199
998,Vikki,Coggill,vcoggillrp@cbsnews.com,Female,84.223.147.188
999,Blanche,Halkyard,bhalkyardrq@wsj.com,Female,97.193.173.207
1000,Maryl,Vell,mvellrr@fc2.com,Female,40.1.31.231
